시도,시군구,대지위치,연면적(제곱미터),주용도,착공처리일,준공예정일(사용승인예정일)
서울특별시,강남구,서울특별시 강남구 역삼동 798-16,1887,업무시설,2022-11-14,2024-01-31
서울특별시,강남구,서울특별시 강남구 논현동 62-13 외1필지,10560,제1종근린생활시설,2022-11-09,2025-02-28
서울특별시,강남구,서울특별시 강남구 삼성동 46-33,735,제2종근린생활시설,2022-11-08,2023-12-01
서울특별시,강남구,서울특별시 강남구 대치동 901-30,603,제2종근린생활시설,2022-11-08,2023-10-31
서울특별시,강남구,서울특별시 강남구 신사동 512-6 외1필지,582,제2종근린생활시설,2022-11-08,2023-09-03
서울특별시,강남구,서울특별시 강남구 논현동 182-29,1828,제2종근린생활시설,2022-11-07,2023-11-30
서울특별시,강남구,서울특별시 강남구 삼성동 90-29,198,제2종근린생활시설,2022-11-03,2023-02-28
서울특별시,강남구,서울특별시 강남구 논현동 77-29,775,제2종근린생활시설,2022-11-01,2023-10-06
서울특별시,강남구,서울특별시 강남구 논현동 257-11,758,제2종근린생활시설,2022-11-01,2023-06-17
서울특별시,강남구,서울특별시 강남구 논현동 257-12,1192,제2종근린생활시설,2022-11-01,2023-06-17
서울특별시,강남구,서울특별시 강남구 개포동 1179-5,340,공동주택,2022-11-01,2023-04-30
서울특별시,강남구,서울특별시 강남구 삼성동 143-31,1996,업무시설,2022-11-01,2023-11-30
서울특별시,강남구,서울특별시 강남구 대치동 900-64,467,제2종근린생활시설,2022-10-31,2023-06-30
서울특별시,강남구,서울특별시 강남구 논현동 253-17,1362,제2종근린생활시설,2022-10-25,2023-09-30
서울특별시,강남구,서울특별시 강남구 삼성동 121-27,679,제2종근린생활시설,2022-10-25,2023-10-24
서울특별시,강남구,서울특별시 강남구 역삼동 782 외4필지,9046,공동주택,2022-10-25,2024-11-06
서울특별시,강남구,서울특별시 강남구 대치동 899-9,499,제2종근린생활시설,2022-10-24,2023-04-28
서울특별시,강남구,서울특별시 강남구 역삼동 721-28,433,제2종근린생활시설,2022-10-21,2023-10-24
서울특별시,강남구,서울특별시 강남구 삼성동 9-19,869,제2종근린생활시설,2022-10-21,2023-11-30
서울특별시,강남구,서울특별시 강남구 대치동 898-5,991,제2종근린생활시설,2022-10-20,2023-09-15
서울특별시,강남구,서울특별시 강남구 역삼동 826-46,1981,제2종근린생활시설,2022-10-20,2023-09-30
서울특별시,강남구,서울특별시 강남구 청담동 37-15,1048,제2종근린생활시설,2022-10-19,2023-05-31
서울특별시,강남구,서울특별시 강남구 논현동 184-3,622,제2종근린생활시설,2022-10-14,2023-06-30
서울특별시,강남구,서울특별시 강남구 역삼동 725-63,1131,제2종근린생활시설,2022-10-14,2023-09-30
서울특별시,강남구,서울특별시 강남구 삼성동 142-14,1969,업무시설,2022-10-14,2024-04-30
서울특별시,강남구,서울특별시 강남구 삼성동 142-14,1947,업무시설,2022-10-14,2024-04-30
서울특별시,강남구,서울특별시 강남구 논현동 57-15,870,제2종근린생활시설,2022-10-13,2023-12-31
서울특별시,강남구,서울특별시 강남구 삼성동 158-21,1970,제2종근린생활시설,2022-10-13,2024-04-14
서울특별시,강남구,서울특별시 강남구 삼성동 121-37,319,단독주택,2022-10-12,2023-03-31
서울특별시,강남구,서울특별시 강남구 신사동 551,599,제2종근린생활시설,2022-10-11,2023-03-15
서울특별시,강남구,서울특별시 강남구 삼성동 62-13,455,단독주택,2022-10-07,2023-12-31
서울특별시,강남구,서울특별시 강남구 신사동 578,489,제2종근린생활시설,2022-10-07,2023-09-30
서울특별시,강남구,서울특별시 강남구 율현동 308-28,469,단독주택,2022-10-07,2023-04-30
서울특별시,강남구,서울특별시 강남구 논현동 102-26,1384,제2종근린생활시설,2022-10-06,2023-10-15
서울특별시,강남구,서울특별시 강남구 역삼동 718-1,3174,업무시설,2022-10-05,2024-06-30
서울특별시,강남구,서울특별시 강남구 도곡동 954-17 외1필지,9534,공동주택,2022-10-05,2024-11-19
서울특별시,강남구,서울특별시 강남구 역삼동 718,3423,업무시설,2022-09-29,2024-07-01
서울특별시,강남구,서울특별시 강남구 신사동 589-6,933,제2종근린생활시설,2022-09-27,2023-10-20
서울특별시,강남구,서울특별시 강남구 논현동 95-5,563,제2종근린생활시설,2022-09-27,2023-09-12
서울특별시,강남구,서울특별시 강남구 역삼동 672-12,670,제2종근린생활시설,2022-09-26,2023-05-01
서울특별시,강남구,서울특별시 강남구 삼성동 124-22,456,단독주택,2022-09-26,2023-03-31
서울특별시,강남구,서울특별시 강남구 청담동 1,7216,제2종근린생활시설,2022-09-26,2024-11-30
서울특별시,강남구,서울특별시 강남구 대치동 913-12 외1필지,2939,제1종근린생활시설,2022-09-22,2023-11-30
서울특별시,강남구,서울특별시 강남구 논현동 73-3,633,제2종근린생활시설,2022-09-22,2023-09-30
서울특별시,강남구,서울특별시 강남구 세곡동 427 외1필지,650,단독주택,2022-09-22,2023-04-30
서울특별시,강남구,서울특별시 강남구 삼성동 38-15,729,제2종근린생활시설,2022-09-21,2023-07-14
서울특별시,강남구,서울특별시 강남구 역삼동 655-23,725,제1종근린생활시설,2022-09-21,2023-07-31
서울특별시,강남구,서울특별시 강남구 대치동 984-5,868,제2종근린생활시설,2022-09-19,2023-05-31
서울특별시,강남구,서울특별시 강남구 대치동 988-1,2440,교육연구시설,2022-09-19,2024-06-19
서울특별시,강남구,서울특별시 강남구 삼성동 10-5,763,제2종근린생활시설,2022-09-15,2023-01-31
서울특별시,강남구,서울특별시 강남구 삼성동 122-20,580,제2종근린생활시설,2022-09-15,2023-04-30
서울특별시,강남구,서울특별시 강남구 논현동 187-23,682,제2종근린생활시설,2022-09-08,2023-07-20
서울특별시,강남구,서울특별시 강남구 대치동 982-12,441,제1종근린생활시설,2022-09-08,2023-03-24
서울특별시,강남구,서울특별시 강남구 개포동 1167-4,542,공동주택,2022-09-08,2023-02-23
서울특별시,강남구,서울특별시 강남구 논현동 266,1133,제2종근린생활시설,2022-09-08,2023-10-31
서울특별시,강남구,서울특별시 강남구 도곡동 948-23,649,업무시설,2022-09-07,2023-03-31
서울특별시,강남구,서울특별시 강남구 논현동 73-37,595,제2종근린생활시설,2022-09-05,2023-07-01
서울특별시,강남구,서울특별시 강남구 신사동 535,729,제2종근린생활시설,2022-09-01,2023-05-29
서울특별시,강남구,서울특별시 강남구 역삼동 721-30,3416,제2종근린생활시설,2022-09-01,2023-12-29
서울특별시,강남구,서울특별시 강남구 삼성동 114-29,665,제2종근린생활시설,2022-09-01,2023-05-01
서울특별시,강남구,서울특별시 강남구 역삼동 830-70,869,제2종근린생활시설,2022-09-01,2023-08-28
서울특별시,강남구,서울특별시 강남구 일원동 664-13,302,단독주택,2022-08-26,2023-02-18
서울특별시,강남구,서울특별시 강남구 대치동 898-10 외1필지,2510,제2종근린생활시설,2022-08-26,2022-08-31
서울특별시,강남구,서울특별시 강남구 논현동 30-9,1825,제1종근린생활시설,2022-08-23,2023-07-31
서울특별시,강남구,서울특별시 강남구 신사동 659-14,1438,제2종근린생활시설,2022-08-22,2023-11-01
서울특별시,강남구,서울특별시 강남구 일원동 665,293,공동주택,2022-08-22,2023-02-28
서울특별시,강남구,서울특별시 강남구 일원동 623,397,제2종근린생활시설,2022-08-18,2023-04-03
서울특별시,강남구,서울특별시 강남구 율현동 300-77,392,공동주택,2022-08-17,2022-12-31
서울특별시,강남구,서울특별시 강남구 논현동 35-19,574,제2종근린생활시설,2022-08-17,2023-02-15
서울특별시,강남구,서울특별시 강남구 청담동 40-9,597,제2종근린생활시설,2022-08-12,2023-05-17
서울특별시,강남구,서울특별시 강남구 논현동 28-8,1195,제2종근린생활시설,2022-08-09,2023-09-30
서울특별시,강남구,서울특별시 강남구 논현동 149-24,846,제2종근린생활시설,2022-08-09,2023-12-31
서울특별시,강남구,서울특별시 강남구 역삼동 689-20,1681,제2종근린생활시설,2022-08-05,2024-12-31
서울특별시,강남구,서울특별시 강남구 논현동 52-9,518,단독주택,2022-08-05,2023-05-30
서울특별시,강남구,서울특별시 강남구 논현동 183-15,865,제2종근린생활시설,2022-08-04,2023-07-31
서울특별시,강남구,서울특별시 강남구 청담동 19-11,468,제2종근린생활시설,2022-08-04,2023-02-28
서울특별시,강남구,서울특별시 강남구 역삼동 771-12,545,단독주택,2022-08-03,2223-05-31
서울특별시,강남구,서울특별시 강남구 역삼동 686-16,1825,제2종근린생활시설,2022-08-03,2023-07-14
서울특별시,강남구,서울특별시 강남구 역삼동 779-18,285,단독주택,2022-08-01,2023-04-30
서울특별시,강남구,서울특별시 강남구 일원동 673-1,425,공동주택,2022-07-28,2023-01-30
서울특별시,강남구,서울특별시 강남구 삼성동 142-27,2000,업무시설,2022-07-28,2023-09-30
서울특별시,강남구,서울특별시 강남구 도곡동 945,337,제2종근린생활시설,2022-07-27,2022-10-25
서울특별시,강남구,서울특별시 강남구 도곡동 945-1,325,제2종근린생활시설,2022-07-27,2022-10-25
서울특별시,강남구,서울특별시 강남구 논현동 44-1,1652,제2종근린생활시설,2022-07-26,2023-09-30
서울특별시,강남구,서울특별시 강남구 청담동 62-30,627,제2종근린생활시설,2022-07-25,2023-06-13
서울특별시,강남구,서울특별시 강남구 논현동 107-7,191,제2종근린생활시설,2022-07-20,2022-11-30
서울특별시,강남구,서울특별시 강남구 신사동 561-35,870,제2종근린생활시설,2022-07-18,2023-07-31
서울특별시,강남구,서울특별시 강남구 청담동 53-5,9503,공동주택,2022-07-14,2025-07-31
서울특별시,강남구,서울특별시 강남구 역삼동 670-23,661,제1종근린생활시설,2022-07-13,2023-02-28
서울특별시,강남구,서울특별시 강남구 역삼동 827-76,734,제2종근린생활시설,2022-07-12,2023-05-31
서울특별시,강남구,서울특별시 강남구 대치동 912-5,768,제2종근린생활시설,2022-07-12,2023-06-30
서울특별시,강남구,서울특별시 강남구 역삼동 781-12,439,공동주택,2022-07-11,2022-12-30
서울특별시,강남구,서울특별시 강남구 논현동 78-3,948,제2종근린생활시설,2022-07-08,2023-04-30
서울특별시,강남구,서울특별시 강남구 청담동 85-17,1228,제1종근린생활시설,2022-07-07,2023-06-25
서울특별시,강남구,서울특별시 강남구 논현동 73,493,제2종근린생활시설,2022-07-06,2023-04-15
서울특별시,강남구,서울특별시 강남구 논현동 189-12,646,공동주택,2022-07-05,2022-12-31
서울특별시,강남구,서울특별시 강남구 삼성동 62-10,826,제1종근린생활시설,2022-07-04,2023-01-31
서울특별시,강남구,서울특별시 강남구 논현동 153-9,447,단독주택,2022-07-04,2023-03-30
서울특별시,강남구,서울특별시 강남구 율현동 328-3,273,단독주택,2022-07-01,2023-02-28
서울특별시,강남구,서울특별시 강남구 역삼동 752-8,377,제2종근린생활시설,2022-07-01,2022-12-31
서울특별시,강남구,서울특별시 강남구 청담동 46-13,1298,제1종근린생활시설,2022-07-01,2023-04-27
서울특별시,강남구,서울특별시 강남구 청담동 44-14,4174,제2종근린생활시설,2022-06-30,2023-12-31
서울특별시,강남구,서울특별시 강남구 청담동 78-14 외1필지,3322,제2종근린생활시설,2022-06-30,2024-02-28
서울특별시,강남구,서울특별시 강남구 삼성동 32-8,537,공동주택,2022-06-30,2023-04-15
서울특별시,강남구,서울특별시 강남구 논현동 140-23,804,제2종근린생활시설,2022-06-28,2023-02-10
서울특별시,강남구,서울특별시 강남구 청담동 53-6,1165,제2종근린생활시설,2022-06-27,2023-12-30
서울특별시,강남구,서울특별시 강남구 역삼동 817-14,736,제2종근린생활시설,2022-06-27,2023-05-30
서울특별시,강남구,서울특별시 강남구 신사동 559-11,459,제2종근린생활시설,2022-06-23,2023-06-09
서울특별시,강남구,서울특별시 강남구 삼성동 119-12,638,제1종근린생활시설,2022-06-23,2023-05-31
서울특별시,강남구,서울특별시 강남구 논현동 146-6,1084,제2종근린생활시설,2022-06-23,2023-04-15
서울특별시,강남구,서울특별시 강남구 신사동 642-14,1000,제2종근린생활시설,2022-06-23,2023-03-03
서울특별시,강남구,서울특별시 강남구 청담동 88-19,737,제2종근린생활시설,2022-06-23,2023-03-30
서울특별시,강남구,서울특별시 강남구 논현동 5-8,720,제1종근린생활시설,2022-06-22,2023-03-02
서울특별시,강남구,서울특별시 강남구 논현동 262-9,854,제2종근린생활시설,2022-06-21,2023-06-14
서울특별시,강남구,서울특별시 강남구 개포동 169-8,346,공동주택,2022-06-21,2022-11-10
서울특별시,강남구,서울특별시 강남구 논현동 16-21,795,제2종근린생활시설,2022-06-20,2023-03-31
서울특별시,강남구,서울특별시 강남구 논현동 222-15,602,제2종근린생활시설,2022-06-17,2023-03-28
서울특별시,강남구,서울특별시 강남구 청담동 123-11,594,제2종근린생활시설,2022-06-17,2022-12-15
서울특별시,강남구,서울특별시 강남구 논현동 179-22,837,제2종근린생활시설,2022-06-15,2022-12-30
서울특별시,강남구,서울특별시 강남구 개포동 1216-6,430,공동주택,2022-06-14,2023-02-12
서울특별시,강남구,서울특별시 강남구 삼성동 62-17,324,단독주택,2022-06-13,2023-02-09
서울특별시,강남구,서울특별시 강남구 삼성동 41-12 외1필지,930,공동주택,2022-06-13,2023-03-30
서울특별시,강남구,서울특별시 강남구 삼성동 143-23,1998,업무시설,2022-06-08,2023-08-29
서울특별시,강남구,서울특별시 강남구 신사동 657-14,599,제2종근린생활시설,2022-06-07,2023-01-31
서울특별시,강남구,서울특별시 강남구 삼성동 93-15,638,제1종근린생활시설,2022-06-03,2022-12-31
서울특별시,강남구,서울특별시 강남구 신사동 626-48,547,제2종근린생활시설,2022-06-03,2022-12-31
서울특별시,강남구,서울특별시 강남구 역삼동 828-42,870,제2종근린생활시설,2022-05-31,2023-06-01
서울특별시,강남구,서울특별시 강남구 청담동 125-8,1529,업무시설,2022-05-31,2023-05-30
서울특별시,강남구,서울특별시 강남구 개포동 171-8,358,공동주택,2022-05-30,2023-02-28
서울특별시,강남구,서울특별시 강남구 역삼동 681-6,447,제2종근린생활시설,2022-05-30,2023-02-17
서울특별시,강남구,서울특별시 강남구 신사동 664-5 외2필지,3722,업무시설,2022-05-30,2023-10-31
서울특별시,강남구,서울특별시 강남구 도곡동 413 외1필지,859,공동주택,2022-05-27,2023-02-28
서울특별시,강남구,서울특별시 강남구 역삼동 659-11 외1필지,1768,업무시설,2022-05-27,2023-06-03
서울특별시,강남구,서울특별시 강남구 대치동 905-6,651,제2종근린생활시설,2022-05-27,2023-03-31
서울특별시,강남구,서울특별시 강남구 논현동 64-8,600,단독주택,2022-05-27,2023-04-30
서울특별시,강남구,서울특별시 강남구 논현동 157-2,679,제2종근린생활시설,2022-05-26,2023-02-28
서울특별시,강남구,서울특별시 강남구 역삼동 834-7 외1필지,2614,제2종근린생활시설,2022-05-26,2023-11-30
서울특별시,강남구,서울특별시 강남구 역삼동 610-9 외1필지,994,제2종근린생활시설,2022-05-24,2022-11-01
서울특별시,강남구,서울특별시 강남구 삼성동 143-11,1999,업무시설,2022-05-24,2023-07-30
서울특별시,강남구,서울특별시 강남구 역삼동 728-18,1102,제2종근린생활시설,2022-05-23,2023-06-30
서울특별시,강남구,서울특별시 강남구 논현동 80-20 외1필지,2069,제1종근린생활시설,2022-05-23,2023-09-01
서울특별시,강남구,서울특별시 강남구 논현동 217-6,457,제2종근린생활시설,2022-05-23,2023-05-14
서울특별시,강남구,서울특별시 강남구 대치동 914-3,515,단독주택,2022-05-20,2023-02-10
서울특별시,강남구,서울특별시 강남구 대치동 913-1,1083,교육연구시설,2022-05-20,2023-02-28
서울특별시,강남구,서울특별시 강남구 자곡동 223-15,375,단독주택,2022-05-20,2022-12-31
서울특별시,강남구,서울특별시 강남구 신사동 524-3,719,제1종근린생활시설,2022-05-19,2023-05-23
서울특별시,강남구,서울특별시 강남구 논현동 219-11,713,제2종근린생활시설,2022-05-19,2022-12-31
서울특별시,강남구,서울특별시 강남구 자곡동 456,200,단독주택,2022-05-18,2023-12-30
서울특별시,강남구,서울특별시 강남구 역삼동 674-42,719,제2종근린생활시설,2022-05-18,2023-04-30
서울특별시,강남구,서울특별시 강남구 신사동 561-3 외4필지,5067,공동주택,2022-05-17,2024-02-10
서울특별시,강남구,서울특별시 강남구 논현동 57-3,589,제2종근린생활시설,2022-05-16,2023-03-30
서울특별시,강남구,서울특별시 강남구 논현동 29-10,1262,제2종근린생활시설,2022-05-16,2022-06-15
서울특별시,강남구,서울특별시 강남구 논현동 29-9,1254,제2종근린생활시설,2022-05-16,2022-06-15
서울특별시,강남구,서울특별시 강남구 논현동 187-22,461,제2종근린생활시설,2022-05-16,2022-12-30
서울특별시,강남구,서울특별시 강남구 대치동 897-16,795,제2종근린생활시설,2022-05-13,2023-02-08
서울특별시,강남구,서울특별시 강남구 논현동 235-4 외1필지,2437,업무시설,2022-05-12,2023-05-30
서울특별시,강남구,서울특별시 강남구 일원동 625-14,367,공동주택,2022-05-12,2022-09-30
서울특별시,강남구,서울특별시 강남구 삼성동 37-19,3610,업무시설,2022-05-11,2023-09-30
서울특별시,강남구,서울특별시 강남구 논현동 102-5,763,제2종근린생활시설,2022-05-10,2023-04-20
서울특별시,강남구,서울특별시 강남구 율현동 102-7,1688,자동차관련시설,2022-05-10,2022-12-22
서울특별시,강남구,서울특별시 강남구 삼성동 121-1,489,제2종근린생활시설,2022-05-04,2023-05-09
서울특별시,강남구,서울특별시 강남구 논현동 115-5,735,제2종근린생활시설,2022-05-03,2022-10-20
서울특별시,강남구,서울특별시 강남구 일원동 620-5,336,공동주택,2022-04-29,2022-11-30
서울특별시,강남구,서울특별시 강남구 논현동 224-1,729,제2종근린생활시설,2022-04-27,2023-02-18
서울특별시,강남구,서울특별시 강남구 논현동 82-7 외1필지,2702,제1종근린생활시설,2022-04-26,2023-06-30
서울특별시,강남구,서울특별시 강남구 청담동 130-28,662,제2종근린생활시설,2022-04-26,2023-03-15
서울특별시,강남구,서울특별시 강남구 율현동 440,290,단독주택,2022-04-25,2022-11-10
서울특별시,강남구,서울특별시 강남구 일원동 664-5,301,공동주택,2022-04-25,2022-10-30
서울특별시,강남구,서울특별시 강남구 신사동 557-24,602,제2종근린생활시설,2022-04-22,2023-03-15
서울특별시,강남구,서울특별시 강남구 청담동 62-9,468,제2종근린생활시설,2022-04-21,2023-02-28
서울특별시,강남구,서울특별시 강남구 역삼동 823-5,1990,업무시설,2022-04-21,2023-11-30
서울특별시,강남구,서울특별시 강남구 역삼동 823-5,1990,업무시설,2022-04-21,2023-11-30
서울특별시,강남구,서울특별시 강남구 삼성동 117-6,681,제2종근린생활시설,2022-04-20,2023-04-10
서울특별시,강남구,서울특별시 강남구 역삼동 719-22,3641,업무시설,2022-04-20,2024-04-20
서울특별시,강남구,서울특별시 강남구 역삼동 695-29,689,제2종근린생활시설,2022-04-20,2023-03-31
서울특별시,강남구,서울특별시 강남구 대치동 915-23,602,제2종근린생활시설,2022-04-20,2022-12-31
서울특별시,강남구,서울특별시 강남구 논현동 62-2,8645,업무시설,2022-04-20,2024-07-30
서울특별시,강남구,서울특별시 강남구 청담동 2-2,813,제2종근린생활시설,2022-04-19,2023-04-14
서울특별시,강남구,서울특별시 강남구 삼성동 92-1,997,제2종근린생활시설,2022-04-19,2023-01-31
서울특별시,강남구,서울특별시 강남구 논현동 73-13,569,제2종근린생활시설,2022-04-18,2023-03-31
서울특별시,강남구,서울특별시 강남구 역삼동 705-26,3181,업무시설,2022-04-15,2024-02-12
서울특별시,강남구,서울특별시 강남구 개포동 1264-13,274,공동주택,2022-04-14,2022-10-31
서울특별시,강남구,서울특별시 강남구 신사동 600-11,847,제2종근린생활시설,2022-04-14,2023-01-31
서울특별시,강남구,서울특별시 강남구 율현동 196-83,351,단독주택,2022-04-13,2022-10-30
서울특별시,강남구,서울특별시 강남구 청담동 58-2,867,제2종근린생활시설,2022-04-13,2023-04-30
서울특별시,강남구,서울특별시 강남구 논현동 270-27,568,제2종근린생활시설,2022-04-12,2022-10-30
서울특별시,강남구,서울특별시 강남구 역삼동 638-12,591,제2종근린생활시설,2022-04-12,2022-12-31
서울특별시,강남구,서울특별시 강남구 청담동 115-15,1387,제2종근린생활시설,2022-04-11,2023-03-31
서울특별시,강남구,서울특별시 강남구 청담동 20-11 외1필지,1327,제2종근린생활시설,2022-04-11,2022-12-31
서울특별시,강남구,서울특별시 강남구 논현동 217-21,458,제2종근린생활시설,2022-04-11,2022-12-04
서울특별시,강남구,서울특별시 강남구 논현동 254-8,717,제2종근린생활시설,2022-04-06,2022-10-31
서울특별시,강남구,서울특별시 강남구 대치동 1019-2,1156,교육연구시설,2022-04-06,2022-12-30
서울특별시,강남구,서울특별시 강남구 역삼동 609-11,317,제1종근린생활시설,2022-04-05,2022-08-31
서울특별시,강남구,서울특별시 강남구 역삼동 624-8,700,제1종근린생활시설,2022-04-04,2023-04-15
서울특별시,강남구,서울특별시 강남구 역삼동 625-20,1582,제1종근린생활시설,2022-04-04,2023-04-14
서울특별시,강남구,서울특별시 강남구 논현동 193-22,733,제2종근린생활시설,2022-04-01,2022-12-31
서울특별시,강남구,서울특별시 강남구 청담동 32-1,665,단독주택,2022-03-30,2023-02-28
서울특별시,강남구,서울특별시 강남구 삼성동 49-3,854,제2종근린생활시설,2022-03-29,2022-11-30
서울특별시,강남구,서울특별시 강남구 논현동 65-1,601,제2종근린생활시설,2022-03-29,2023-01-27
서울특별시,강남구,서울특별시 강남구 역삼동 607-7,495,제2종근린생활시설,2022-03-29,2022-08-31
서울특별시,강남구,서울특별시 강남구 삼성동 100-2,1522,공동주택,2022-03-29,2023-02-06
서울특별시,강남구,서울특별시 강남구 청담동 48 외1필지,7669,업무시설,2022-03-24,2025-02-22
서울특별시,강남구,서울특별시 강남구 대치동 960-1,536,제2종근린생활시설,2022-03-23,2023-02-28
서울특별시,강남구,서울특별시 강남구 논현동 41-4,1035,업무시설,2022-03-23,2023-02-15
서울특별시,강남구,서울특별시 강남구 청담동 50-1 외1필지,9999,업무시설,2022-03-23,2025-02-22
서울특별시,강남구,서울특별시 강남구 논현동 4-11,293,제2종근린생활시설,2022-03-21,2022-11-15
서울특별시,강남구,서울특별시 강남구 청담동 119-3 외2필지,9639,공동주택,2022-03-21,2025-07-09
서울특별시,강남구,서울특별시 강남구 논현동 172-12,496,제2종근린생활시설,2022-03-14,2022-10-22
서울특별시,강남구,서울특별시 강남구 논현동 160-14,427,제1종근린생활시설,2022-03-14,2022-09-30
서울특별시,강남구,서울특별시 강남구 청담동 96-8,735,제2종근린생활시설,2022-03-14,2023-01-05
서울특별시,강남구,서울특별시 강남구 논현동 110-11,631,제2종근린생활시설,2022-03-10,2022-12-06
서울특별시,강남구,서울특별시 강남구 논현동 114-20 외1필지,997,제2종근린생활시설,2022-03-10,2023-02-28
서울특별시,강남구,서울특별시 강남구 역삼동 609-5,630,제1종근린생활시설,2022-03-08,2022-12-31
서울특별시,강남구,서울특별시 강남구 신사동 646-20,514,제1종근린생활시설,2022-03-07,2022-08-17
서울특별시,강남구,서울특별시 강남구 역삼동 621-15,654,제1종근린생활시설,2022-03-07,2022-11-30
서울특별시,강남구,서울특별시 강남구 논현동 11-17,2218,업무시설,2022-03-03,2022-12-15
서울특별시,강남구,서울특별시 강남구 삼성동 92,280,제2종근린생활시설,2022-03-02,2022-09-09
서울특별시,강남구,서울특별시 강남구 율현동 196-81,360,단독주택,2022-02-25,2022-10-13
서울특별시,강남구,서울특별시 강남구 논현동 267-10,538,제2종근린생활시설,2022-02-24,2023-01-05
서울특별시,강남구,서울특별시 강남구 도곡동 952-6 외2필지,15483,교육연구시설,2022-02-23,2024-02-29
서울특별시,강남구,서울특별시 강남구 논현동 83-12,878,제2종근린생활시설,2022-02-19,2023-02-25
서울특별시,강남구,서울특별시 강남구 역삼동 700 외1필지,8646,업무시설,2022-02-18,2024-08-07
서울특별시,강남구,서울특별시 강남구 논현동 46-4,1163,제2종근린생활시설,2022-02-18,2023-01-21
서울특별시,강남구,서울특별시 강남구 역삼동 630-7,479,단독주택,2022-02-18,2022-06-30
서울특별시,강남구,서울특별시 강남구 역삼동 704-10,602,제2종근린생활시설,2022-02-16,2022-11-20
서울특별시,강남구,서울특별시 강남구 논현동 269-11,2793,업무시설,2022-02-16,2023-10-15
서울특별시,강남구,서울특별시 강남구 삼성동 142-17,1977,업무시설,2022-02-14,2023-02-28
서울특별시,강남구,서울특별시 강남구 역삼동 810-12,690,제2종근린생활시설,2022-02-11,2023-01-31
서울특별시,강남구,서울특별시 강남구 논현동 233-11,729,제2종근린생활시설,2022-02-10,2022-07-15
서울특별시,강남구,서울특별시 강남구 청담동 101-22,1088,제2종근린생활시설,2022-02-08,2023-02-28
서울특별시,강남구,서울특별시 강남구 삼성동 118-27,644,제2종근린생활시설,2022-02-08,2022-12-31
서울특별시,강남구,서울특별시 강남구 논현동 257-15,1265,제2종근린생활시설,2022-02-07,2022-12-31
서울특별시,강남구,서울특별시 강남구 논현동 66-19,441,제2종근린생활시설,2022-02-04,2023-03-02
서울특별시,강남구,서울특별시 강남구 일원동 635-14,289,공동주택,2022-01-26,2022-12-30
서울특별시,강남구,서울특별시 강남구 일원동 638-18,280,공동주택,2022-01-26,2022-08-13
서울특별시,강남구,서울특별시 강남구 일원동 629-14,280,공동주택,2022-01-26,2022-08-13
서울특별시,강남구,서울특별시 강남구 일원동 641-11,393,공동주택,2022-01-26,2021-07-31
서울특별시,강남구,서울특별시 강남구 청담동 99-4,1087,제2종근린생활시설,2022-01-25,2023-01-05
서울특별시,강남구,서울특별시 강남구 청담동 126-14 외1필지,1160,제2종근린생활시설,2022-01-25,2022-11-10
서울특별시,강남구,서울특별시 강남구 일원동 643-13,590,공동주택,2022-01-24,2023-01-23
서울특별시,강남구,서울특별시 강남구 청담동 32-7,885,제2종근린생활시설,2022-01-24,2022-11-30
서울특별시,강남구,서울특별시 강남구 역삼동 826-44 외2필지,1995,업무시설,2022-01-21,2022-12-31
서울특별시,강남구,서울특별시 강남구 역삼동 683-7,1053,제2종근린생활시설,2022-01-19,2022-09-30
서울특별시,강남구,서울특별시 강남구 신사동 559-14,455,제2종근린생활시설,2022-01-19,2021-08-30
서울특별시,강남구,서울특별시 강남구 대치동 899-35,1056,제2종근린생활시설,2022-01-18,2022-08-30
서울특별시,강남구,서울특별시 강남구 논현동 37-12,884,업무시설,2022-01-17,2023-03-31
서울특별시,강남구,서울특별시 강남구 논현동 180-10,461,제1종근린생활시설,2022-01-17,2022-11-30
서울특별시,강남구,서울특별시 강남구 개포동 167-9,3340,교육연구시설,2022-01-14,2023-01-31
서울특별시,강남구,서울특별시 강남구 역삼동 719-17 외1필지,1995,업무시설,2022-01-14,2023-04-10
서울특별시,강남구,서울특별시 강남구 역삼동 719-16,1996,업무시설,2022-01-14,2023-04-10
서울특별시,강남구,서울특별시 강남구 역삼동 834-19,496,제2종근린생활시설,2022-01-13,2022-09-30
서울특별시,강남구,서울특별시 강남구 역삼동 744-16,786,제2종근린생활시설,2022-01-12,2022-08-31
서울특별시,강남구,서울특별시 강남구 논현동 21-3,1564,제2종근린생활시설,2022-01-11,2022-12-31
서울특별시,강남구,서울특별시 강남구 도곡동 902-1 외2필지,5088,공동주택,2022-01-11,2023-08-17
서울특별시,강남구,서울특별시 강남구 논현동 193-12,702,제2종근린생활시설,2022-01-10,2022-12-31
서울특별시,강남구,서울특별시 강남구 논현동 72-1,717,제2종근린생활시설,2022-01-10,2023-01-02
서울특별시,강남구,서울특별시 강남구 역삼동 705-22,6550,업무시설,2022-01-07,2024-10-31
서울특별시,강남구,서울특별시 강남구 신사동 590-15 외1필지,3397,제1종근린생활시설,2022-01-06,2023-03-03
서울특별시,강남구,서울특별시 강남구 논현동 224-20,1137,제2종근린생활시설,2021-12-31,2022-10-30
서울특별시,강남구,서울특별시 강남구 역삼동 653-3,4800,공동주택,2021-12-30,2023-06-30
서울특별시,강남구,서울특별시 강남구 대치동 983-13,4601,업무시설,2021-12-30,2023-08-09
서울특별시,강남구,서울특별시 강남구 청담동 58-22,1342,제2종근린생활시설,2021-12-29,2023-01-02
서울특별시,강남구,서울특별시 강남구 논현동 217-46,700,제2종근린생활시설,2021-12-29,2022-07-31
서울특별시,강남구,서울특별시 강남구 청담동 18-41,655,제2종근린생활시설,2021-12-28,2022-06-30
서울특별시,강남구,서울특별시 강남구 역삼동 824-22 외3필지,27025,업무시설,2021-12-27,2024-08-31
서울특별시,강남구,서울특별시 강남구 역삼동 765-3,2007,제2종근린생활시설,2021-12-23,2022-02-04
서울특별시,강남구,서울특별시 강남구 삼성동 142-5 외1필지,2966,업무시설,2021-12-22,2023-03-31
서울특별시,강남구,서울특별시 강남구 논현동 213-20,525,제2종근린생활시설,2021-12-22,2022-06-30
서울특별시,강남구,서울특별시 강남구 역삼동 798-32,1660,업무시설,2021-12-17,2022-12-16
서울특별시,강남구,서울특별시 강남구 신사동 625-1,1797,공동주택,2021-12-17,2022-08-30
서울특별시,강남구,서울특별시 강남구 신사동 639-5,715,제1종근린생활시설,2021-12-16,2022-09-30
서울특별시,강남구,서울특별시 강남구 신사동 541-14,597,제2종근린생활시설,2021-12-15,2022-10-30
서울특별시,강남구,서울특별시 강남구 논현동 156-27,547,제2종근린생활시설,2021-12-08,2022-12-13
서울특별시,강남구,서울특별시 강남구 삼성동 9-17,602,제2종근린생활시설,2021-12-06,2022-09-01
서울특별시,강남구,서울특별시 강남구 대치동 903-27,4382,공동주택,2021-12-06,2024-04-30
서울특별시,강남구,서울특별시 강남구 대치동 903-29 외1필지,5631,공동주택,2021-12-06,2024-04-30
서울특별시,강남구,서울특별시 강남구 역삼동 624-27,857,제1종근린생활시설,2021-12-03,2022-08-22
서울특별시,강남구,서울특별시 강남구 논현동 207-4,1929,업무시설,2021-12-02,2023-08-31
서울특별시,강남구,서울특별시 강남구 논현동 44-5,1497,제2종근린생활시설,2021-11-30,2022-11-12
서울특별시,강남구,서울특별시 강남구 청담동 128-24,1379,제1종근린생활시설,2021-11-26,2022-09-30
서울특별시,강남구,서울특별시 강남구 대치동 931-5,593,제2종근린생활시설,2021-11-25,2022-06-30
서울특별시,강남구,서울특별시 강남구 청담동 9-11,599,제1종근린생활시설,2021-11-25,2022-05-30
서울특별시,강남구,서울특별시 강남구 논현동 95-19,593,제2종근린생활시설,2021-11-24,2022-07-31
서울특별시,강남구,서울특별시 강남구 청담동 19-3,726,제2종근린생활시설,2021-11-24,2022-09-10
서울특별시,강남구,서울특별시 강남구 역삼동 652,3882,제1종근린생활시설,2021-11-17,2023-09-03
서울특별시,강남구,서울특별시 강남구 역삼동 669-13,868,제2종근린생활시설,2021-11-16,2022-11-30
서울특별시,강남구,서울특별시 강남구 신사동 551-33,464,제2종근린생활시설,2021-11-11,2022-09-30
서울특별시,강남구,서울특별시 강남구 논현동 102-7,827,제2종근린생활시설,2021-11-10,2022-10-10
서울특별시,강남구,서울특별시 강남구 도곡동 948-22,806,공동주택,2021-11-09,2022-11-08
서울특별시,강남구,서울특별시 강남구 도곡동 948-25,682,공동주택,2021-11-09,2022-11-08
서울특별시,강남구,서울특별시 강남구 대치동 897-36,573,제2종근린생활시설,2021-11-09,2022-10-21
서울특별시,강남구,서울특별시 강남구 청담동 17-25,897,단독주택,2021-11-09,2022-09-30
서울특별시,강남구,서울특별시 강남구 역삼동 611-3,864,제1종근린생활시설,2021-11-05,2022-10-30
서울특별시,강남구,서울특별시 강남구 논현동 218-27 외1필지,12593,공동주택,2021-11-05,2024-04-31
서울특별시,강남구,서울특별시 강남구 역삼동 832-2 외1필지,46449,업무시설,2021-11-04,2025-09-03
서울특별시,강남구,서울특별시 강남구 신사동 657-38,574,제1종근린생활시설,2021-11-03,2022-09-30
서울특별시,강남구,서울특별시 강남구 역삼동 610-11 외1필지,1980,제1종근린생활시설,2021-11-02,2022-12-01
서울특별시,강남구,서울특별시 강남구 청담동 17-29,896,공동주택,2021-11-02,2022-03-13
서울특별시,강남구,서울특별시 강남구 논현동 16-45,929,제2종근린생활시설,2021-11-01,2022-06-01
서울특별시,강남구,서울특별시 강남구 신사동 623,1245,제1종근린생활시설,2021-10-28,2022-10-24
서울특별시,강남구,서울특별시 강남구 역삼동 720-18,1998,업무시설,2021-10-28,2023-03-30
서울특별시,강남구,서울특별시 강남구 삼성동 1-2,4688,업무시설,2021-10-28,2023-12-30
서울특별시,강남구,서울특별시 강남구 역삼동 725-69,1176,제2종근린생활시설,2021-10-20,2022-09-15
서울특별시,강남구,서울특별시 강남구 청담동 131-2,1037,제2종근린생활시설,2021-10-18,2022-11-30
서울특별시,강남구,서울특별시 강남구 역삼동 834-43,465,제2종근린생활시설,2021-10-18,2022-04-30
서울특별시,강남구,서울특별시 강남구 논현동 269-12,2630,제2종근린생활시설,2021-10-12,2022-07-21
서울특별시,강남구,서울특별시 강남구 논현동 83-11,999,제2종근린생활시설,2021-10-07,2022-12-31
서울특별시,강남구,서울특별시 강남구 대치동 890-27,2000,업무시설,2021-10-05,2023-12-14
서울특별시,강남구,서울특별시 강남구 청담동 68-6,2791,업무시설,2021-09-30,2023-03-30
서울특별시,강남구,서울특별시 강남구 청담동 54-3,866,제2종근린생활시설,2021-09-23,2022-09-17
서울특별시,강남구,서울특별시 강남구 논현동 149-34,438,제2종근린생활시설,2021-09-15,2022-03-31
서울특별시,강남구,서울특별시 강남구 역삼동 765,2423,공동주택,2021-09-10,2022-08-23
서울특별시,강남구,서울특별시 강남구 대치동 891-53,2721,업무시설,2021-09-10,2023-01-31
서울특별시,강남구,서울특별시 강남구 세곡동 374-3 외4필지,752,단독주택,2021-09-09,2022-05-31
서울특별시,강남구,서울특별시 강남구 도곡동 954-18,2423,업무시설,2021-09-09,2022-10-30
서울특별시,강남구,서울특별시 강남구 역삼동 684-5,679,제2종근린생활시설,2021-09-03,2022-08-31
서울특별시,강남구,서울특별시 강남구 역삼동 651-2,9722,공동주택,2021-09-03,2024-02-28
서울특별시,강남구,서울특별시 강남구 청담동 85-1,1791,제1종근린생활시설,2021-09-02,2022-11-30
서울특별시,강남구,서울특별시 강남구 신사동 590-18,1740,제2종근린생활시설,2021-08-25,2022-09-18
서울특별시,강남구,서울특별시 강남구 논현동 73-38,464,제1종근린생활시설,2021-08-25,2022-04-30
서울특별시,강남구,서울특별시 강남구 청담동 132-16,6332,제2종근린생활시설,2021-08-20,2022-12-15
서울특별시,강남구,서울특별시 강남구 역삼동 788-28 외3필지,7639,업무시설,2021-08-19,2023-01-22
서울특별시,강남구,서울특별시 강남구 논현동 163-18,732,제2종근린생활시설,2021-08-11,2021-12-30
서울특별시,강남구,서울특별시 강남구 개포동 164-1 외2필지,1345,교육연구시설,2021-08-06,2022-07-31
서울특별시,강남구,서울특별시 강남구 논현동 263-4,1131,제2종근린생활시설,2021-08-05,2022-07-30
서울특별시,강남구,서울특별시 강남구 자곡동 271-19,497,제2종근린생활시설,2021-06-18,2021-11-20
서울특별시,강남구,서울특별시 강남구 역삼동 621-28 외1필지,709,단독주택,2021-07-26,2022-05-31
서울특별시,강남구,서울특별시 강남구 청담동 96-7,548,제2종근린생활시설,2021-07-21,2022-04-30
서울특별시,강남구,서울특별시 강남구 역삼동 823-11,4743,업무시설,2021-07-16,2022-10-30
서울특별시,강남구,서울특별시 강남구 역삼동 831-31,2000,제2종근린생활시설,2021-07-16,2022-12-04
서울특별시,강남구,서울특별시 강남구 수서동 730,791,교육연구시설,2021-07-12,2021-11-21
서울특별시,강남구,서울특별시 강남구 논현동 29-8,1509,제2종근린생활시설,2021-07-09,2022-07-09
서울특별시,강남구,서울특별시 강남구 논현동 29-16,1224,제2종근린생활시설,2021-07-09,2022-06-09
서울특별시,강남구,서울특별시 강남구 논현동 74-12,528,제2종근린생활시설,2021-07-08,2022-06-20
서울특별시,강남구,서울특별시 강남구 역삼동 678-30,1927,제1종근린생활시설,2021-07-07,2022-08-31
서울특별시,강남구,서울특별시 강남구 논현동 89-10,11750,제2종근린생활시설,2021-07-06,2023-05-31
서울특별시,강남구,서울특별시 강남구 청담동 58-15,934,공동주택,2021-07-02,2022-01-20
서울특별시,강남구,서울특별시 강남구 신사동 523-40,599,제2종근린생활시설,2021-07-02,2021-11-30
서울특별시,강남구,서울특별시 강남구 역삼동 677-10,3490,업무시설,2021-06-25,2022-09-30
서울특별시,강남구,서울특별시 강남구 신사동 650-1 외1필지,2102,제2종근린생활시설,2021-06-25,2022-04-11
서울특별시,강남구,서울특별시 강남구 대치동 935-13,611,제1종근린생활시설,2021-06-22,2021-12-30
서울특별시,강남구,서울특별시 강남구 역삼동 653-5,2406,업무시설,2021-06-17,2021-12-17
서울특별시,강남구,서울특별시 강남구 청담동 83-15 외1필지,1364,제1종근린생활시설,2021-06-16,2022-06-08
서울특별시,강남구,서울특별시 강남구 청담동 83-17,1367,제2종근린생활시설,2021-06-16,2022-06-08
서울특별시,강남구,서울특별시 강남구 논현동 242-52 외1필지,7447,업무시설,2021-06-15,2023-10-31
서울특별시,강남구,서울특별시 강남구 신사동 519-23,1208,제2종근린생활시설,2021-06-11,2122-06-30
서울특별시,강남구,서울특별시 강남구 신사동 529-5,597,제2종근린생활시설,2021-05-25,2022-01-31
서울특별시,강남구,서울특별시 강남구 역삼동 756-19,495,제1종근린생활시설,2021-05-25,2021-12-31
서울특별시,강남구,서울특별시 강남구 삼성동 61-1,680,단독주택,2021-05-21,2022-01-31
서울특별시,강남구,서울특별시 강남구 삼성동 142-28,1998,공동주택,2021-05-20,2023-01-14
서울특별시,강남구,서울특별시 강남구 신사동 519-13,1127,제2종근린생활시설,2021-05-13,2022-07-31
서울특별시,강남구,서울특별시 강남구 신사동 542-5,595,제1종근린생활시설,2021-05-12,2022-05-16
서울특별시,강남구,서울특별시 강남구 역삼동 799-25,1890,업무시설,2021-04-29,2022-03-30
서울특별시,강남구,서울특별시 강남구 논현동 122-5 외2필지,4166,제2종근린생활시설,2021-04-27,2022-09-16
서울특별시,강남구,서울특별시 강남구 삼성동 35-1,1113,제2종근린생활시설,2021-04-23,2022-07-30
서울특별시,강남구,서울특별시 강남구 역삼동 831-11 외5필지,47731,업무시설,2021-04-23,2024-09-30
서울특별시,강남구,서울특별시 강남구 역삼동 658-8 외2필지,2225,제2종근린생활시설,2021-04-22,2022-10-30
서울특별시,강남구,서울특별시 강남구 역삼동 658-8 외2필지,1882,제2종근린생활시설,2021-04-22,2022-08-31
서울특별시,강남구,서울특별시 강남구 역삼동 836-77,1954,업무시설,2021-04-20,2022-06-30
서울특별시,강남구,서울특별시 강남구 역삼동 837-31,2000,업무시설,2021-04-20,2022-07-09
서울특별시,강남구,서울특별시 강남구 역삼동 837-38,2000,업무시설,2021-04-20,2022-07-09
서울특별시,강남구,서울특별시 강남구 역삼동 835-11,382,제2종근린생활시설,2021-04-08,2021-12-30
서울특별시,강남구,서울특별시 강남구 논현동 242-31 외1필지,9402,업무시설,2021-04-07,2023-12-30
서울특별시,강남구,서울특별시 강남구 역삼동 677-12,5217,업무시설,2021-03-15,2023-02-28
서울특별시,강남구,서울특별시 강남구 삼성동 140-32 외2필지,16272,공동주택,2021-03-12,2023-05-15
서울특별시,강남구,서울특별시 강남구 삼성동 62-10,466,단독주택,2021-03-10,2022-03-05
서울특별시,강남구,서울특별시 강남구 청담동 1-23,1135,제2종근린생활시설,2021-03-09,2022-01-30
서울특별시,강남구,서울특별시 강남구 신사동 518-6,871,제2종근린생활시설,2021-01-29,2021-09-30
서울특별시,강남구,서울특별시 강남구 역삼동 822,5699,업무시설,2021-01-21,2022-08-31
서울특별시,강남구,서울특별시 강남구 삼성동 49-9 외1필지,5288,업무시설,2021-01-21,2022-04-30
서울특별시,강남구,서울특별시 강남구 도곡동 907-54 외1필지,14811,제1종근린생활시설,2021-01-18,2022-09-14
서울특별시,강남구,서울특별시 강남구 역삼동 738-29 외2필지,4130,공동주택,2021-01-14,2022-09-19
서울특별시,강남구,서울특별시 강남구 삼성동 70-1,4713,업무시설,2020-12-29,2022-03-30
서울특별시,강남구,서울특별시 강남구 역삼동 653-4,4841,문화및집회시설,2020-12-29,2023-10-31
서울특별시,강남구,서울특별시 강남구 논현동 5-4 외2필지,13388,제1종근린생활시설,2020-12-24,2022-06-30
서울특별시,강남구,서울특별시 강남구 일원동 677-6,1608,종교시설,2020-12-24,2021-10-18
서울특별시,강남구,서울특별시 강남구 삼성동 158-20 외1필지,7723,업무시설,2020-12-15,2022-11-06
서울특별시,강남구,서울특별시 강남구 논현동 5-21,491,제1종근린생활시설,2020-12-08,2022-06-30
서울특별시,강남구,서울특별시 강남구 논현동 249-9 외1필지,7555,업무시설,2020-12-04,2023-10-31
서울특별시,강남구,서울특별시 강남구 율현동 123-4 외3필지,8360,자동차관련시설,2020-12-03,2022-01-31
서울특별시,강남구,서울특별시 강남구 청담동 49-21 외1필지,5852,교육연구시설,2020-11-27,2022-12-07
서울특별시,강남구,서울특별시 강남구 역삼동 746-12 외1필지,2664,제2종근린생활시설,2020-11-23,2021-09-30
서울특별시,강남구,서울특별시 강남구 역삼동 831-7 외5필지,49414,업무시설,2020-11-18,2023-03-16
서울특별시,강남구,서울특별시 강남구 삼성동 144-5,1878,업무시설,2020-11-16,2022-06-13
서울특별시,강남구,서울특별시 강남구 삼성동 144-5,2000,업무시설,2020-11-16,2022-06-13
서울특별시,강남구,서울특별시 강남구 역삼동 635 외1필지,10736,자동차관련시설,2020-11-03,2021-08-27
서울특별시,강남구,서울특별시 강남구 논현동 79-3,4361,제2종근린생활시설,2020-10-28,2020-09-30
서울특별시,강남구,서울특별시 강남구 삼성동 62-11,329,단독주택,2020-10-13,2021-06-30
서울특별시,강남구,서울특별시 강남구 논현동 6-1,6325,업무시설,2020-10-05,2022-08-22
서울특별시,강남구,서울특별시 강남구 논현동 6-2 외2필지,12614,제2종근린생활시설,2020-09-11,2022-08-31
서울특별시,강남구,서울특별시 강남구 역삼동 808-1,2381,제2종근린생활시설,2020-08-04,2022-02-28
서울특별시,강남구,서울특별시 강남구 역삼동 810-10,1140,제2종근린생활시설,2020-07-30,2021-06-30
서울특별시,강남구,서울특별시 강남구 역삼동 741-29 외1필지,1954,공동주택,2020-07-21,2021-05-31
서울특별시,강남구,서울특별시 강남구 논현동 57-1 외1필지,3114,공동주택,2020-07-13,2021-07-30
서울특별시,강남구,서울특별시 강남구 논현동 73-31,559,제2종근린생활시설,2020-06-19,2020-12-30
서울특별시,강남구,서울특별시 강남구 논현동 164-1 외1필지,8447,업무시설,2020-05-27,2022-05-25
서울특별시,강남구,서울특별시 강남구 삼성동 35 외1필지,605,제1종근린생활시설,2020-05-19,2020-11-01
서울특별시,강남구,서울특별시 강남구 청담동 106-7 외6필지,20437,공동주택,2020-04-07,2023-05-20
서울특별시,강남구,서울특별시 강남구 일원동 173-4 외61필지,154711,의료시설,2020-04-07,2025-03-31
서울특별시,강남구,서울특별시 강남구 신사동 546-6 외2필지,2996,제2종근린생활시설,2020-03-11,2021-06-30
서울특별시,강남구,서울특별시 강남구 자곡동 650,43115,공장,2020-09-07,2022-10-31
서울특별시,강남구,서울특별시 강남구 논현동 278-4 외2필지,18986,공동주택,2019-11-07,2022-06-30
서울특별시,강남구,서울특별시 강남구 세곡동 421-2,754,제1종근린생활시설,2019-07-16,2020-01-10
서울특별시,강남구,서울특별시 강남구 논현동 74-7 외5필지,16745,숙박시설,2018-11-06,2021-02-28
서울특별시,강남구,서울특별시 강남구 논현동 212-8,615,제1종근린생활시설,2018-05-15,2018-12-15
서울특별시,강남구,서울특별시 강남구 도곡동 산 29-51,3255,제2종근린생활시설,2018-02-22,2020-01-04
